year,percent
2012,0.004597701149
2013,0
2014,0.001100110011
2015,0.001907183725
2016,0.001358695652
2017,0.004509228188
2018,0.00687251485
2019,0.004989227804
2020,0.005964179527