year,percent
2012,0.006896551724
2013,0.006237006237
2014,0.01430143014
2015,0.02161474889
2016,0.005661231884
2017,0.007655201342
2018,0.006381620932
2019,0.002948180066
2020,0.001698994761