year,percent
2012,0.009195402299
2013,0.005197505198
2014,0.008800880088
2015,0.01207883026
2016,0.005661231884
2017,0.005977348993
2018,0.007117961808
2019,0.003893109574
2020,0.005327056492